--=====
--TYPES
--=====
INSERT INTO Types (Type, Kind)
	VALUES
		('P_BELIEF_CULT_HERMES', 'KIND_BELIEF'),
		('P_GOD_OF_ARTISANS', 'KIND_BELIEF'),
		('P_GOD_OF_METALLURGY', 'KIND_BELIEF'),
		('P_GOD_OF_DIPLOMACY', 'KIND_BELIEF'),
		('P_GOD_OF_CREATION', 'KIND_BELIEF'),
		('P_SOLAR_DEITY', 'KIND_BELIEF'),
		('P_GOD_OF_WATERY_ABYSS', 'KIND_BELIEF'),
		('P_SACRED_BEASTS', 'KIND_BELIEF'),
		('P_SPIRITS_OF_THE_DESERT', 'KIND_BELIEF'),
		('P_SPIRITS_OF_THE_TUNDRA', 'KIND_BELIEF'),
		('P_SPIRITS_OF_THE_RAINFOREST', 'KIND_BELIEF'),
		('P_SPIRITS_OF_THE_FOREST', 'KIND_BELIEF');

--=======
--BELIEFS
--=======
INSERT INTO Beliefs (BeliefType, Name, Description, BeliefClassType) 
	VALUES
		('P_BELIEF_CULT_HERMES', 'LOC_P_BELIEF_CULT_HERMES_NAME', 'LOC_P_BELIEF_CULT_HERMES_DESCRIPTION', 'BELIEF_CLASS_PANTHEON'),
		('P_GOD_OF_DIPLOMACY', 'LOC_P_GOD_OF_DIPLOMACY_NAME', 'LOC_P_GOD_OF_DIPLOMACY_DESCRIPTION', 'BELIEF_CLASS_PANTHEON'),
		('P_GOD_OF_ARTISANS', 'LOC_P_GOD_OF_ARTISANS_NAME', 'LOC_P_GOD_OF_ARTISANS_DESCRIPTION', 'BELIEF_CLASS_PANTHEON'),
		('P_GOD_OF_METALLURGY', 'LOC_P_GOD_OF_METALLURGY_NAME', 'LOC_P_GOD_OF_METALLURGY_DESCRIPTION', 'BELIEF_CLASS_PANTHEON'),
		('P_GOD_OF_CREATION', 'LOC_P_GOD_OF_CREATION_NAME', 'LOC_P_GOD_OF_CREATION_DESCRIPTION', 'BELIEF_CLASS_PANTHEON'),
		('P_SACRED_BEASTS', 'LOC_P_SACRED_BEASTS_NAME', 'LOC_P_SACRED_BEASTS_DESCRIPTION', 'BELIEF_CLASS_PANTHEON'),
		('P_GOD_OF_WATERY_ABYSS', 'LOC_P_GOD_OF_WATERY_ABYSS_NAME', 'LOC_P_GOD_OF_WATERY_ABYSS_DESCRIPTION', 'BELIEF_CLASS_PANTHEON'),
		('P_SOLAR_DEITY', 'LOC_P_SOLAR_DEITY_NAME', 'LOC_P_SOLAR_DEITY_DESCRIPTION', 'BELIEF_CLASS_PANTHEON'),
		('P_SPIRITS_OF_THE_TUNDRA', 'LOC_P_SPIRITS_OF_THE_TUNDRA_NAME', 'LOC_P_SPIRITS_OF_THE_TUNDRA_DESCRIPTION', 'BELIEF_CLASS_PANTHEON'),
		('P_SPIRITS_OF_THE_RAINFOREST', 'LOC_P_SPIRITS_OF_THE_RAINFOREST_NAME', 'LOC_P_SPIRITS_OF_THE_RAINFOREST_DESCRIPTION', 'BELIEF_CLASS_PANTHEON'),
		('P_SPIRITS_OF_THE_DESERT', 'LOC_P_SPIRITS_OF_THE_DESERT_NAME', 'LOC_P_SPIRITS_OF_THE_DESERT_DESCRIPTION', 'BELIEF_CLASS_PANTHEON'),
		('P_SPIRITS_OF_THE_FOREST', 'LOC_P_SPIRITS_OF_THE_FOREST_NAME', 'LOC_P_SPIRITS_OF_THE_FOREST_DESCRIPTION', 'BELIEF_CLASS_PANTHEON');

--===============
--REQUIREMENTS
--===============
INSERT INTO Requirements (RequirementId, RequirementType)
	VALUES
		('P_REQUIRES_RICE_IN_PLOT', 'REQUIREMENT_PLOT_RESOURCE_TYPE_MATCHES'),
		('P_REQUIRES_WHEAT_IN_PLOT', 'REQUIREMENT_PLOT_RESOURCE_TYPE_MATCHES'),
		('P_REQUIRES_BANANAS_IN_PLOT', 'REQUIREMENT_PLOT_RESOURCE_TYPE_MATCHES'),
		('P_REQUIRES_FURS_IN_PLOT', 'REQUIREMENT_PLOT_RESOURCE_TYPE_MATCHES'),
		('P_REQUIRES_IVORY_IN_PLOT', 'REQUIREMENT_PLOT_RESOURCE_TYPE_MATCHES'),
		('P_REQUIRES_HORSES_IN_PLOT', 'REQUIREMENT_PLOT_RESOURCE_TYPE_MATCHES'),
		('P_REQUIRES_WHALES_IN_PLOT', 'REQUIREMENT_PLOT_RESOURCE_TYPE_MATCHES'),
		('P_REQUIRES_PLOT_IS_DESERT_R', 'REQUIREMENT_PLOT_TERRAIN_TYPE_MATCHES'),
		('P_REQUIRES_PLOT_IS_DESERT_HILLS_R', 'REQUIREMENT_PLOT_TERRAIN_TYPE_MATCHES'),
		('P_REQUIRES_PLOT_IS_TUNDRA_R', 'REQUIREMENT_PLOT_TERRAIN_TYPE_MATCHES'),
		('P_REQUIRES_PLOT_IS_TUNDRA_HILLS_R', 'REQUIREMENT_PLOT_TERRAIN_TYPE_MATCHES'),
		('P_REQUIRES_PLOT_HAS_FOREST_R', 'REQUIREMENT_PLOT_FEATURE_TYPE_MATCHES'),
		('P_REQUIRES_PLOT_HAS_JUNGLE_R', 'REQUIREMENT_PLOT_FEATURE_TYPE_MATCHES');

--=====================
--REQUIREMENT ARGUMENTS
--=====================
INSERT INTO RequirementArguments (RequirementId, Name, Value)
	VALUES
		('P_REQUIRES_RICE_IN_PLOT', 'ResourceType', 'RESOURCE_RICE'),
		('P_REQUIRES_WHEAT_IN_PLOT', 'ResourceType', 'RESOURCE_WHEAT'),
		('P_REQUIRES_BANANAS_IN_PLOT', 'ResourceType', 'RESOURCE_BANANAS'),
		('P_REQUIRES_FURS_IN_PLOT', 'ResourceType', 'RESOURCE_FURS'),
		('P_REQUIRES_IVORY_IN_PLOT', 'ResourceType', 'RESOURCE_IVORY'),
		('P_REQUIRES_HORSES_IN_PLOT', 'ResourceType', 'RESOURCE_HORSES'),
		('P_REQUIRES_WHALES_IN_PLOT', 'ResourceType', 'RESOURCE_WHALES'),
		('P_REQUIRES_PLOT_IS_DESERT_R', 'TerrainType', 'TERRAIN_DESERT'),
		('P_REQUIRES_PLOT_IS_DESERT_HILLS_R', 'TerrainType', 'TERRAIN_DESERT_HILLS'),
		('P_REQUIRES_PLOT_IS_TUNDRA_R', 'TerrainType', 'TERRAIN_TUNDRA'),
		('P_REQUIRES_PLOT_IS_TUNDRA_HILLS_R', 'TerrainType', 'TERRAIN_TUNDRA_HILLS'),
		('P_REQUIRES_PLOT_HAS_FOREST_R', 'FeatureType', 'FEATURE_FOREST'),
		('P_REQUIRES_PLOT_HAS_JUNGLE_R', 'FeatureType', 'FEATURE_JUNGLE');

--=================
--REQUIREMENT SETS
--=================
INSERT INTO RequirementSets (RequirementSetId, RequirementSetType)
	VALUES
		('P_PLOT_HAS_SOLAR_DEITY_RESOURCE', 'REQUIREMENTSET_TEST_ANY'),
		('P_PLOT_HAS_BEAST_RESOURCE',		'REQUIREMENTSET_TEST_ANY'),
		('P_PLOT_IS_DESERT_SPIRIT_TERRAIN', 'REQUIREMENTSET_TEST_ANY'),
		('P_PLOT_IS_TUNDRA_SPIRIT_TERRAIN', 'REQUIREMENTSET_TEST_ANY'),
		('P_PLOT_HAS_FOREST_SPIRIT_FEATURE', 'REQUIREMENTSET_TEST_ANY'),
		('P_PLOT_HAS_JUNGLE_SPIRIT_FEATURE', 'REQUIREMENTSET_TEST_ANY');

--============================
--REQUIREMENT SET REQUIREMENTS
--============================
INSERT INTO RequirementSetRequirements (RequirementSetId, RequirementId)
	VALUES
		('P_PLOT_HAS_SOLAR_DEITY_RESOURCE', 'P_REQUIRES_RICE_IN_PLOT'),
		('P_PLOT_HAS_SOLAR_DEITY_RESOURCE', 'P_REQUIRES_WHEAT_IN_PLOT'),
		('P_PLOT_HAS_SOLAR_DEITY_RESOURCE', 'P_REQUIRES_BANANAS_IN_PLOT'),
		('P_PLOT_HAS_BEAST_RESOURCE', 'P_REQUIRES_FURS_IN_PLOT'),
		('P_PLOT_HAS_BEAST_RESOURCE', 'P_REQUIRES_IVORY_IN_PLOT'),
		('P_PLOT_HAS_BEAST_RESOURCE', 'P_REQUIRES_HORSES_IN_PLOT'),
		('P_PLOT_HAS_BEAST_RESOURCE', 'P_REQUIRES_WHALES_IN_PLOT'),
		('P_PLOT_IS_DESERT_SPIRIT_TERRAIN', 'P_REQUIRES_PLOT_IS_DESERT_R'),
		('P_PLOT_IS_DESERT_SPIRIT_TERRAIN', 'P_REQUIRES_PLOT_IS_DESERT_HILLS_R'),
		('P_PLOT_IS_TUNDRA_SPIRIT_TERRAIN', 'P_REQUIRES_PLOT_IS_TUNDRA_R'),
		('P_PLOT_IS_TUNDRA_SPIRIT_TERRAIN', 'P_REQUIRES_PLOT_IS_TUNDRA_HILLS_R'),
		('P_PLOT_HAS_FOREST_SPIRIT_FEATURE', 'P_REQUIRES_PLOT_HAS_FOREST_R'),
		('P_PLOT_HAS_JUNGLE_SPIRIT_FEATURE', 'P_REQUIRES_PLOT_HAS_JUNGLE_R');

--==============================================
--LAZY REQUIREMENTS COPYPASTA FROM MY OTHER MODS
--==============================================
INSERT INTO Requirements (RequirementId, RequirementType) VALUES ('P_REQUIRES_TERRAIN_IS_COASTR', 'REQUIREMENT_PLOT_TERRAIN_TYPE_MATCHES') ;
INSERT INTO RequirementArguments (RequirementId, Name, Value) VALUES ('P_REQUIRES_TERRAIN_IS_COASTR', 'TerrainType', 'TERRAIN_COAST') ;
INSERT INTO RequirementSets (RequirementSetId, RequirementSetType) VALUES ('P_TERRAIN_IS_COASTR', 'REQUIREMENTSET_TEST_ALL') ;
INSERT INTO RequirementSetRequirements (RequirementSetId, RequirementId) VALUES ('P_TERRAIN_IS_COASTR', 'P_REQUIRES_TERRAIN_IS_COASTR') ;

--===============
--BELIEF MODIFIERS
--===============
INSERT INTO BeliefModifiers (BeliefType, ModifierId) 
	VALUES
		('P_BELIEF_CULT_HERMES', 'P_CULT_HERMES_TRADE_ROUTE'),
		('P_BELIEF_CULT_HERMES', 'P_CULT_HERMES_TRADE_FAITH'),
		('P_BELIEF_CULT_HERMES', 'P_CULT_HERMES_TRADE_GOLD'),
		('P_BELIEF_CULT_HERMES', 'P_CULT_HERMES_TRADE_OFFER_FAITH'),
		('P_GOD_OF_ARTISANS', 'P_GOD_OF_ARTISANS_BONUS_MINE_CULTURE') ,
		('P_GOD_OF_ARTISANS', 'P_GOD_OF_ARTISANS_LUXURY_MINE_CULTURE') ,
		('P_GOD_OF_METALLURGY', 'P_GOD_OF_METALLURGY_BONUS_MINE_SCIENCE') ,
		('P_GOD_OF_METALLURGY', 'P_GOD_OF_METALLURGY_LUXURY_MINE_SCIENCE') ,
		('P_GOD_OF_DIPLOMACY', 'P_GOD_OF_DIPLOMACY_INFLUENCE'),
		('P_GOD_OF_CREATION', 'P_GOD_OF_CREATION_BUILDER_CHARGE'),
		('P_SOLAR_DEITY', 'P_SOLAR_DEITY_FOOD'),
		('P_GOD_OF_WATERY_ABYSS', 'P_GOD_OF_WATERY_ABYSS_FOOD'),
		('P_SACRED_BEASTS', 'P_SACRED_BEASTS_FAITH'),
		('P_SPIRITS_OF_THE_DESERT', 'P_SPIRITS_OF_THE_DESERT_GOLD'),
		('P_SPIRITS_OF_THE_TUNDRA', 'P_SPIRITS_OF_THE_TUNDRA_GOLD'),
		('P_SPIRITS_OF_THE_RAINFOREST', 'P_SPIRITS_OF_THE_RAINFOREST_GOLD'),
		('P_SPIRITS_OF_THE_FOREST', 'P_SPIRITS_OF_THE_FOREST_GOLD');

--===============
--MODIFIERS
--===============
INSERT INTO Modifiers (ModifierId, ModifierType, SubjectRequirementSetId) 
	VALUES
		('P_CULT_HERMES_TRADE_ROUTE', 'MODIFIER_ALL_PLAYERS_ATTACH_MODIFIER', 'PLAYER_HAS_PANTHEON_REQUIREMENTS'),
		('P_CULT_HERMES_TRADE_ROUTE_MODIFIER', 'MODIFIER_PLAYER_ADJUST_TRADE_ROUTE_CAPACITY', NULL),
		('P_CULT_HERMES_TRADE_FAITH', 'MODIFIER_ALL_PLAYERS_ATTACH_MODIFIER', 'PLAYER_HAS_PANTHEON_REQUIREMENTS'),
		('P_CULT_HERMES_TRADE_FAITH_MODIFIER', 'MODIFIER_PLAYER_ADJUST_TRADE_ROUTE_YIELD', NULL),
		('P_CULT_HERMES_TRADE_GOLD', 'MODIFIER_ALL_PLAYERS_ATTACH_MODIFIER', 'PLAYER_HAS_PANTHEON_REQUIREMENTS'),
		('P_CULT_HERMES_TRADE_GOLD_MODIFIER', 'MODIFIER_PLAYER_ADJUST_TRADE_ROUTE_YIELD', NULL),
		('P_CULT_HERMES_TRADE_OFFER_FAITH', 'MODIFIER_ALL_PLAYERS_ATTACH_MODIFIER', 'PLAYER_HAS_PANTHEON_REQUIREMENTS'),
		('P_CULT_HERMES_TRADE_OFFER_FAITH_MODIFIER', 'MODIFIER_PLAYER_CITIES_ADJUST_TRADE_ROUTE_YIELD_TO_OTHERS', NULL),
		('P_GOD_OF_ARTISANS_BONUS_MINE_CULTURE', 'MODIFIER_ALL_CITIES_ATTACH_MODIFIER', 'CITY_FOLLOWS_PANTHEON_REQUIREMENTS'),
		('P_GOD_OF_ARTISANS_LUXURY_MINE_CULTURE', 'MODIFIER_ALL_CITIES_ATTACH_MODIFIER', 'CITY_FOLLOWS_PANTHEON_REQUIREMENTS'),
		('P_GOD_OF_ARTISANS_BONUS_MINE_CULTURE_MODIFIER', 'MODIFIER_CITY_PLOT_YIELDS_ADJUST_PLOT_YIELD', 'PLOT_HAS_BONUS_MINE_REQUIREMENTS'),
		('P_GOD_OF_ARTISANS_LUXURY_MINE_CULTURE_MODIFIER', 'MODIFIER_CITY_PLOT_YIELDS_ADJUST_PLOT_YIELD', 'PLOT_HAS_LUXURY_MINE_REQUIREMENTS'),
		('P_GOD_OF_METALLURGY_BONUS_MINE_SCIENCE', 'MODIFIER_ALL_CITIES_ATTACH_MODIFIER', 'CITY_FOLLOWS_PANTHEON_REQUIREMENTS'),
		('P_GOD_OF_METALLURGY_LUXURY_MINE_SCIENCE', 'MODIFIER_ALL_CITIES_ATTACH_MODIFIER', 'CITY_FOLLOWS_PANTHEON_REQUIREMENTS'),
		('P_GOD_OF_METALLURGY_BONUS_MINE_SCIENCE_MODIFIER', 'MODIFIER_CITY_PLOT_YIELDS_ADJUST_PLOT_YIELD', 'PLOT_HAS_BONUS_MINE_REQUIREMENTS'),
		('P_GOD_OF_METALLURGY_LUXURY_MINE_SCIENCE_MODIFIER', 'MODIFIER_CITY_PLOT_YIELDS_ADJUST_PLOT_YIELD', 'PLOT_HAS_LUXURY_MINE_REQUIREMENTS'),
		('P_GOD_OF_DIPLOMACY_INFLUENCE', 'MODIFIER_ALL_PLAYERS_ATTACH_MODIFIER', 'PLAYER_HAS_PANTHEON_REQUIREMENTS'),
		('P_GOD_OF_DIPLOMACY_INFLUENCE_MODIFIER', 'MODIFIER_PLAYER_ADJUST_INFLUENCE_POINTS_PER_TURN', NULL),
		('P_GOD_OF_CREATION_BUILDER_CHARGE', 'MODIFIER_ALL_CITIES_ATTACH_MODIFIER', 'PLAYER_HAS_PANTHEON_REQUIREMENTS'),
		('P_GOD_OF_CREATION_BUILDER_CHARGE_MODIFIER', 'MODIFIER_SINGLE_CITY_BUILDER_CHARGES', 'UNIT_IS_BUILDER'),
		('P_SOLAR_DEITY_FOOD', 'MODIFIER_ALL_CITIES_ATTACH_MODIFIER', 'CITY_FOLLOWS_PANTHEON_REQUIREMENTS'),
		('P_SOLAR_DEITY_FOOD_MODIFIER', 'MODIFIER_CITY_PLOT_YIELDS_ADJUST_PLOT_YIELD', 'P_PLOT_HAS_SOLAR_DEITY_RESOURCE'),
		('P_GOD_OF_WATERY_ABYSS_FOOD', 'MODIFIER_ALL_CITIES_ATTACH_MODIFIER', 'CITY_FOLLOWS_PANTHEON_REQUIREMENTS'),
		('P_GOD_OF_WATERY_ABYSS_FOOD_MODIFIER', 'MODIFIER_CITY_PLOT_YIELDS_ADJUST_PLOT_YIELD', 'P_TERRAIN_IS_COASTR'),
		('P_SACRED_BEASTS_FAITH', 'MODIFIER_ALL_CITIES_ATTACH_MODIFIER', 'CITY_FOLLOWS_PANTHEON_REQUIREMENTS'),
		('P_SACRED_BEASTS_FAITH_MODIFIER', 'MODIFIER_CITY_PLOT_YIELDS_ADJUST_PLOT_YIELD', 'P_PLOT_HAS_BEAST_RESOURCE'),
		('P_SPIRITS_OF_THE_DESERT_GOLD', 'MODIFIER_ALL_CITIES_ATTACH_MODIFIER', 'CITY_FOLLOWS_PANTHEON_REQUIREMENTS'),
		('P_SPIRITS_OF_THE_DESERT_GOLD_MODIFIER', 'MODIFIER_CITY_PLOT_YIELDS_ADJUST_PLOT_YIELD', 'P_PLOT_IS_DESERT_SPIRIT_TERRAIN'),
		('P_SPIRITS_OF_THE_TUNDRA_GOLD', 'MODIFIER_ALL_CITIES_ATTACH_MODIFIER', 'CITY_FOLLOWS_PANTHEON_REQUIREMENTS'),
		('P_SPIRITS_OF_THE_TUNDRA_GOLD_MODIFIER', 'MODIFIER_CITY_PLOT_YIELDS_ADJUST_PLOT_YIELD', 'P_PLOT_IS_TUNDRA_SPIRIT_TERRAIN'),
		('P_SPIRITS_OF_THE_RAINFOREST_GOLD', 'MODIFIER_ALL_CITIES_ATTACH_MODIFIER', 'CITY_FOLLOWS_PANTHEON_REQUIREMENTS'),
		('P_SPIRITS_OF_THE_RAINFOREST_GOLD_MODIFIER', 'MODIFIER_CITY_PLOT_YIELDS_ADJUST_PLOT_YIELD', 'P_PLOT_HAS_JUNGLE_SPIRIT_FEATURE'),
		('P_SPIRITS_OF_THE_FOREST_GOLD', 'MODIFIER_ALL_CITIES_ATTACH_MODIFIER', 'CITY_FOLLOWS_PANTHEON_REQUIREMENTS'),
		('P_SPIRITS_OF_THE_FOREST_GOLD_MODIFIER', 'MODIFIER_CITY_PLOT_YIELDS_ADJUST_PLOT_YIELD', 'P_PLOT_HAS_FOREST_SPIRIT_FEATURE');

--==================
--MODIFIER ARGUMENTS
--==================
INSERT INTO ModifierArguments (ModifierId, Name, Value)
	VALUES
		('P_CULT_HERMES_TRADE_ROUTE', 'ModifierId', 'P_CULT_HERMES_TRADE_ROUTE_MODIFIER'),
		('P_CULT_HERMES_TRADE_FAITH', 'ModifierId', 'P_CULT_HERMES_TRADE_FAITH_MODIFIER'),
		('P_CULT_HERMES_TRADE_GOLD', 'ModifierId', 'P_CULT_HERMES_TRADE_GOLD_MODIFIER'),
		('P_CULT_HERMES_TRADE_OFFER_FAITH', 'ModifierId', 'P_CULT_HERMES_TRADE_OFFER_FAITH_MODIFIER'),
		('P_CULT_HERMES_TRADE_ROUTE_MODIFIER', 'Amount', '1'),
		('P_CULT_HERMES_TRADE_FAITH_MODIFIER', 'YieldType', 'YIELD_FAITH'),
		('P_CULT_HERMES_TRADE_FAITH_MODIFIER', 'Amount', '1'),
		('P_CULT_HERMES_TRADE_GOLD_MODIFIER', 'YieldType', 'YIELD_GOLD'),
		('P_CULT_HERMES_TRADE_GOLD_MODIFIER', 'Amount', '2'),
		('P_CULT_HERMES_TRADE_OFFER_FAITH_MODIFIER', 'YieldType', 'YIELD_FAITH'),
		('P_CULT_HERMES_TRADE_OFFER_FAITH_MODIFIER', 'Amount', '1'),
		('P_GOD_OF_ARTISANS_BONUS_MINE_CULTURE', 'ModifierId', 'P_GOD_OF_ARTISANS_BONUS_MINE_CULTURE_MODIFIER'),
		('P_GOD_OF_ARTISANS_LUXURY_MINE_CULTURE', 'ModifierId', 'P_GOD_OF_ARTISANS_LUXURY_MINE_CULTURE_MODIFIER'),
		('P_GOD_OF_ARTISANS_BONUS_MINE_CULTURE_MODIFIER', 'YieldType', 'YIELD_CULTURE'),
		('P_GOD_OF_ARTISANS_BONUS_MINE_CULTURE_MODIFIER', 'Amount', '1'),
		('P_GOD_OF_ARTISANS_LUXURY_MINE_CULTURE_MODIFIER', 'YieldType', 'YIELD_CULTURE'),
		('P_GOD_OF_ARTISANS_LUXURY_MINE_CULTURE_MODIFIER', 'Amount', '1'),
		('P_GOD_OF_METALLURGY_BONUS_MINE_SCIENCE', 'ModifierId', 'P_GOD_OF_METALLURGY_BONUS_MINE_SCIENCE_MODIFIER'),
		('P_GOD_OF_METALLURGY_LUXURY_MINE_SCIENCE', 'ModifierId', 'P_GOD_OF_METALLURGY_LUXURY_MINE_SCIENCE_MODIFIER'),
		('P_GOD_OF_METALLURGY_BONUS_MINE_SCIENCE_MODIFIER', 'YieldType', 'YIELD_SCIENCE'),
		('P_GOD_OF_METALLURGY_BONUS_MINE_SCIENCE_MODIFIER', 'Amount', '1'),
		('P_GOD_OF_METALLURGY_LUXURY_MINE_SCIENCE_MODIFIER', 'YieldType', 'YIELD_SCIENCE'),
		('P_GOD_OF_METALLURGY_LUXURY_MINE_SCIENCE_MODIFIER', 'Amount', '1'),
		('P_GOD_OF_DIPLOMACY_INFLUENCE', 'ModifierId', 'P_GOD_OF_DIPLOMACY_INFLUENCE_MODIFIER'),
		('P_GOD_OF_DIPLOMACY_INFLUENCE_MODIFIER', 'Amount', '2'),
		('P_GOD_OF_CREATION_BUILDER_CHARGE', 'ModifierId', 'P_GOD_OF_CREATION_BUILDER_CHARGE_MODIFIER'),
		('P_GOD_OF_CREATION_BUILDER_CHARGE_MODIFIER', 'Amount', '1'),
		('P_SOLAR_DEITY_FOOD', 'ModifierId', 'P_SOLAR_DEITY_FOOD_MODIFIER'),
		('P_SOLAR_DEITY_FOOD_MODIFIER', 'YieldType', 'YIELD_FOOD'),
		('P_SOLAR_DEITY_FOOD_MODIFIER', 'Amount', '1'),
		('P_GOD_OF_WATERY_ABYSS_FOOD', 'ModifierId', 'P_GOD_OF_WATERY_ABYSS_FOOD_MODIFIER'),
		('P_GOD_OF_WATERY_ABYSS_FOOD_MODIFIER', 'YieldType', 'YIELD_FOOD'),
		('P_GOD_OF_WATERY_ABYSS_FOOD_MODIFIER', 'Amount', '1'),
		('P_SACRED_BEASTS_FAITH', 'ModifierId', 'P_SACRED_BEASTS_FAITH_MODIFIER'),
		('P_SACRED_BEASTS_FAITH_MODIFIER', 'YieldType', 'YIELD_FAITH'),
		('P_SACRED_BEASTS_FAITH_MODIFIER', 'Amount', '2'),
		('P_SPIRITS_OF_THE_DESERT_GOLD', 'ModifierId', 'P_SPIRITS_OF_THE_DESERT_GOLD_MODIFIER'),
		('P_SPIRITS_OF_THE_DESERT_GOLD_MODIFIER', 'YieldType', 'YIELD_GOLD'),
		('P_SPIRITS_OF_THE_DESERT_GOLD_MODIFIER', 'Amount', '2'),
		('P_SPIRITS_OF_THE_TUNDRA_GOLD', 'ModifierId', 'P_SPIRITS_OF_THE_TUNDRA_GOLD_MODIFIER'),
		('P_SPIRITS_OF_THE_TUNDRA_GOLD_MODIFIER', 'YieldType', 'YIELD_CULTURE'),
		('P_SPIRITS_OF_THE_TUNDRA_GOLD_MODIFIER', 'Amount', '1'),
		('P_SPIRITS_OF_THE_RAINFOREST_GOLD', 'ModifierId', 'P_SPIRITS_OF_THE_RAINFOREST_GOLD_MODIFIER'),
		('P_SPIRITS_OF_THE_RAINFOREST_GOLD_MODIFIER', 'YieldType', 'YIELD_CULTURE'),
		('P_SPIRITS_OF_THE_RAINFOREST_GOLD_MODIFIER', 'Amount', '1'),
		('P_SPIRITS_OF_THE_FOREST_GOLD', 'ModifierId', 'P_SPIRITS_OF_THE_FOREST_GOLD_MODIFIER'),
		('P_SPIRITS_OF_THE_FOREST_GOLD_MODIFIER', 'YieldType', 'YIELD_GOLD'),
		('P_SPIRITS_OF_THE_FOREST_GOLD_MODIFIER', 'Amount', '2');

--===============================
--RESOURCEFUL & SUK COMPATIBILITY
--===============================
INSERT INTO Requirements (RequirementId, RequirementType) SELECT 'P_REQUIRES_DLV_BISON_IN_PLOT', 'REQUIREMENT_PLOT_RESOURCE_TYPE_MATCHES' WHERE EXISTS (SELECT * FROM Resources WHERE ResourceType = 'RESOURCE_DLV_BISON');
INSERT INTO Requirements (RequirementId, RequirementType) SELECT 'P_REQUIRES_SUK_CAMEL_IN_PLOT', 'REQUIREMENT_PLOT_RESOURCE_TYPE_MATCHES' WHERE EXISTS (SELECT * FROM Resources WHERE ResourceType = 'RESOURCE_SUK_CAMEL');

INSERT INTO RequirementArguments (RequirementId, Name, Value) SELECT 'P_REQUIRES_DLV_BISON_IN_PLOT', 'ResourceType', 'RESOURCE_DLV_BISON' WHERE EXISTS (SELECT * FROM Resources WHERE ResourceType = 'RESOURCE_DLV_BISON');
INSERT INTO RequirementArguments (RequirementId, Name, Value) SELECT 'P_REQUIRES_SUK_CAMEL_IN_PLOT', 'ResourceType', 'RESOURCE_SUK_CAMEL' WHERE EXISTS (SELECT * FROM Resources WHERE ResourceType = 'RESOURCE_SUK_CAMEL');

INSERT INTO RequirementSetRequirements (RequirementSetId, RequirementId) SELECT 'P_PLOT_HAS_BEAST_RESOURCE', 'P_REQUIRES_DLV_BISON_IN_PLOT' WHERE EXISTS (SELECT * FROM Resources WHERE ResourceType = 'RESOURCE_DLV_BISON');
INSERT INTO RequirementSetRequirements (RequirementSetId, RequirementId) SELECT 'P_PLOT_HAS_BEAST_RESOURCE', 'P_REQUIRES_SUK_CAMEL_IN_PLOT' WHERE EXISTS (SELECT * FROM Resources WHERE ResourceType = 'RESOURCE_SUK_CAMEL');

INSERT INTO Requirements (RequirementId, RequirementType) SELECT 'P_REQUIRES_OXEN_IN_PLOT', 'REQUIREMENT_PLOT_RESOURCE_TYPE_MATCHES' WHERE EXISTS (SELECT * FROM Resources WHERE ResourceType = 'RESOURCE_OXEN');
INSERT INTO RequirementArguments (RequirementId, Name, Value) SELECT 'P_REQUIRES_OXEN_IN_PLOT', 'ResourceType', 'RESOURCE_OXEN' WHERE EXISTS (SELECT * FROM Resources WHERE ResourceType = 'RESOURCE_OXEN');
INSERT INTO RequirementSetRequirements (RequirementSetId, RequirementId) SELECT 'P_PLOT_HAS_BEAST_RESOURCE', 'P_REQUIRES_OXEN_IN_PLOT' WHERE EXISTS (SELECT * FROM Resources WHERE ResourceType = 'RESOURCE_OXEN');





