--=====
--TYPES
--=====
INSERT INTO Types (Type, Kind)
	VALUES
		('P_BELIEF_CALIPHATE', 'KIND_BELIEF'),
		('P_BELIEF_NEPTUNALIA', 'KIND_BELIEF'),
		('P_BELIEF_WAQF', 'KIND_BELIEF'),
		('P_BELIEF_EUDAIMONIA', 'KIND_BELIEF'),
		('P_BELIEF_MONASTERY_BREWERY', 'KIND_BELIEF'),
		('P_BELIEF_DIVINE_REVELATION', 'KIND_BELIEF'),
		('P_BELIEF_DIVINE_REVELATION2', 'KIND_BELIEF'),
		('P_BELIEF_DIVINE_REVELATION3', 'KIND_BELIEF');

--=======
--BELIEFS
--=======
INSERT INTO Beliefs (BeliefType, Name, Description, BeliefClassType) 
	VALUES
		('P_BELIEF_CALIPHATE', 'LOC_P_BELIEF_CALIPHATE_NAME', 'LOC_P_BELIEF_CALIPHATE_DESCRIPTION', 'BELIEF_CLASS_FOUNDER'),
		('P_BELIEF_NEPTUNALIA', 'LOC_P_BELIEF_NEPTUNALIA_NAME', 'LOC_P_BELIEF_NEPTUNALIA_DESCRIPTION', 'BELIEF_CLASS_FOUNDER'),
		('P_BELIEF_DIVINE_REVELATION3', 'LOC_P_BELIEF_DIVINE_REVELATION3_NAME', 'LOC_P_BELIEF_DIVINE_REVELATION3_DESCRIPTION', 'BELIEF_CLASS_FOUNDER'),
		('P_BELIEF_MONASTERY_BREWERY', 'LOC_P_BELIEF_MONASTERY_BREWERY_NAME', 'LOC_P_BELIEF_MONASTERY_BREWERY_DESCRIPTION', 'BELIEF_CLASS_FOUNDER'),
		('P_BELIEF_WAQF', 'LOC_P_BELIEF_WAQF_NAME', 'LOC_P_BELIEF_WAQF_DESCRIPTION', 'BELIEF_CLASS_FOUNDER'),
		('P_BELIEF_EUDAIMONIA', 'LOC_P_BELIEF_EUDAIMONIA_NAME', 'LOC_P_BELIEF_EUDAIMONIA_DESCRIPTION', 'BELIEF_CLASS_FOUNDER'),
		('P_BELIEF_DIVINE_REVELATION', 'LOC_P_BELIEF_DIVINE_REVELATION_NAME', 'LOC_P_BELIEF_DIVINE_REVELATION_DESCRIPTION', 'BELIEF_CLASS_FOUNDER'),
		('P_BELIEF_DIVINE_REVELATION2', 'LOC_P_BELIEF_DIVINE_REVELATION2_NAME', 'LOC_P_BELIEF_DIVINE_REVELATION2_DESCRIPTION', 'BELIEF_CLASS_FOUNDER');

--===============
--BELIEF MODIFIERS
--===============
INSERT INTO BeliefModifiers (BeliefType, ModifierId) 
	VALUES
		('P_BELIEF_CALIPHATE', 'P_BELIEF_CALIPHATE_SUZERAINTY_FAITH'),
		('P_BELIEF_NEPTUNALIA', 'P_BELIEF_NEPTUNALIA_GOLD_DISTRICTS'),
		('P_BELIEF_NEPTUNALIA', 'P_BELIEF_NEPTUNALIA_PRODUCTION_DISTRICTS'),
		('P_BELIEF_WAQF', 'P_BELIEF_WAQF_HOLYSITE_FOOD'),
		('P_BELIEF_WAQF', 'P_BELIEF_DIVINE_REVELATION_HOLYSITE_FAITH'),
		('P_BELIEF_EUDAIMONIA', 'P_BELIEF_EUDAIMONIA_HOLYSITE_PRODUCTION'),
		('P_BELIEF_EUDAIMONIA', 'P_BELIEF_DIVINE_REVELATION_HOLYSITE_FAITH'),
		('P_BELIEF_MONASTERY_BREWERY', 'P_BELIEF_MONASTERY_BREWERY_HOLYSITE_GOLD'),
		('P_BELIEF_MONASTERY_BREWERY', 'P_BELIEF_DIVINE_REVELATION_HOLYSITE_FAITH'),
		('P_BELIEF_DIVINE_REVELATION', 'P_BELIEF_DIVINE_REVELATION_HOLYSITE_SCIENCE'),
		('P_BELIEF_DIVINE_REVELATION', 'P_BELIEF_DIVINE_REVELATION_HOLYSITE_FAITH'),
		('P_BELIEF_DIVINE_REVELATION2', 'P_BELIEF_DIVINE_REVELATION_HOLYSITE_CULTURE'),
		('P_BELIEF_DIVINE_REVELATION2', 'P_BELIEF_DIVINE_REVELATION_HOLYSITE_FAITH'),
		('P_BELIEF_DIVINE_REVELATION3', 'P_BELIEF_DIVINE_REVELATION_HOLYSITE_FAITH2');

--===============
--MODIFIERS
--===============
INSERT INTO Modifiers (ModifierId, ModifierType, SubjectRequirementSetId) 
	VALUES
		('P_BELIEF_CALIPHATE_SUZERAINTY_FAITH', 'MODIFIER_ALL_PLAYERS_ATTACH_MODIFIER', 'PLAYER_FOUNDED_RELIGION_REQUIREMENTS'),
		('P_BELIEF_CALIPHATE_SUZERAINTY_FAITH_MODIFIER', 'MODIFIER_PLAYER_ADJUST_YIELD_MODIFIER_PER_TRIBUTARY', NULL),
		('P_BELIEF_NEPTUNALIA_GOLD_DISTRICTS', 'MODIFIER_ALL_PLAYERS_ATTACH_MODIFIER', 'PLAYER_FOUNDED_RELIGION_REQUIREMENTS'),
		('P_BELIEF_NEPTUNALIA_GOLD_DISTRICTS_MODIFIER', 'MODIFIER_PLAYER_RELIGION_ADD_RELIGIOUS_BELIEF_YIELD', NULL),
		('P_BELIEF_NEPTUNALIA_PRODUCTION_DISTRICTS', 'MODIFIER_ALL_PLAYERS_ATTACH_MODIFIER', 'PLAYER_FOUNDED_RELIGION_REQUIREMENTS'),
		('P_BELIEF_NEPTUNALIA_PRODUCTION_DISTRICTS_MODIFIER', 'MODIFIER_PLAYER_RELIGION_ADD_RELIGIOUS_BELIEF_YIELD', NULL),
		('P_BELIEF_WAQF_HOLYSITE_FOOD', 'MODIFIER_ALL_PLAYERS_ATTACH_MODIFIER', 'PLAYER_FOUNDED_RELIGION_REQUIREMENTS'),
		('P_BELIEF_WAQF_HOLYSITE_FOOD_MODIFIER', 'MODIFIER_PLAYER_ADJUST_PLOT_YIELD', 'PLOT_ADJACENT_TO_HOLYSITE_REQUIREMENTS'),
		('P_BELIEF_EUDAIMONIA_HOLYSITE_PRODUCTION', 'MODIFIER_ALL_PLAYERS_ATTACH_MODIFIER', 'PLAYER_FOUNDED_RELIGION_REQUIREMENTS'),
		('P_BELIEF_EUDAIMONIA_HOLYSITE_PRODUCTION_MODIFIER', 'MODIFIER_PLAYER_ADJUST_PLOT_YIELD', 'PLOT_ADJACENT_TO_HOLYSITE_REQUIREMENTS'),
		('P_BELIEF_MONASTERY_BREWERY_HOLYSITE_GOLD', 'MODIFIER_ALL_PLAYERS_ATTACH_MODIFIER', 'PLAYER_FOUNDED_RELIGION_REQUIREMENTS'),
		('P_BELIEF_MONASTERY_BREWERY_HOLYSITE_GOLD_MODIFIER', 'MODIFIER_PLAYER_ADJUST_PLOT_YIELD', 'PLOT_ADJACENT_TO_HOLYSITE_REQUIREMENTS'),
		('P_BELIEF_DIVINE_REVELATION_HOLYSITE_SCIENCE', 'MODIFIER_ALL_PLAYERS_ATTACH_MODIFIER', 'PLAYER_FOUNDED_RELIGION_REQUIREMENTS'),
		('P_BELIEF_DIVINE_REVELATION_HOLYSITE_SCIENCE_MODIFIER', 'MODIFIER_PLAYER_ADJUST_PLOT_YIELD', 'PLOT_ADJACENT_TO_HOLYSITE_REQUIREMENTS'),
		('P_BELIEF_DIVINE_REVELATION_HOLYSITE_CULTURE', 'MODIFIER_ALL_PLAYERS_ATTACH_MODIFIER', 'PLAYER_FOUNDED_RELIGION_REQUIREMENTS'),
		('P_BELIEF_DIVINE_REVELATION_HOLYSITE_CULTURE_MODIFIER', 'MODIFIER_PLAYER_ADJUST_PLOT_YIELD', 'PLOT_ADJACENT_TO_HOLYSITE_REQUIREMENTS'),
		('P_BELIEF_DIVINE_REVELATION_HOLYSITE_FAITH', 'MODIFIER_ALL_PLAYERS_ATTACH_MODIFIER', 'PLAYER_FOUNDED_RELIGION_REQUIREMENTS'),
		('P_BELIEF_DIVINE_REVELATION_HOLYSITE_FAITH_MODIFIER', 'MODIFIER_PLAYER_ADJUST_PLOT_YIELD', 'PLOT_ADJACENT_TO_HOLYSITE_REQUIREMENTS'),
		('P_BELIEF_DIVINE_REVELATION_HOLYSITE_FAITH2', 'MODIFIER_ALL_PLAYERS_ATTACH_MODIFIER', 'PLAYER_FOUNDED_RELIGION_REQUIREMENTS'),
		('P_BELIEF_DIVINE_REVELATION_HOLYSITE_FAITH2_MODIFIER', 'MODIFIER_PLAYER_ADJUST_PLOT_YIELD', 'PLOT_ADJACENT_TO_HOLYSITE_REQUIREMENTS');
	

--==================
--MODIFIER ARGUMENTS
--==================
INSERT INTO ModifierArguments (ModifierId, Name, Value)
	VALUES
		('P_BELIEF_CALIPHATE_SUZERAINTY_FAITH', 'ModifierId', 'P_BELIEF_CALIPHATE_SUZERAINTY_FAITH_MODIFIER'),
		('P_BELIEF_CALIPHATE_SUZERAINTY_FAITH_MODIFIER', 'YieldType', 'YIELD_FAITH'),
		('P_BELIEF_CALIPHATE_SUZERAINTY_FAITH_MODIFIER', 'Amount', '5'),
		('P_BELIEF_NEPTUNALIA_GOLD_DISTRICTS', 'ModifierId', 'P_BELIEF_NEPTUNALIA_GOLD_DISTRICTS_MODIFIER'),
		('P_BELIEF_NEPTUNALIA_GOLD_DISTRICTS_MODIFIER', 'BeliefYieldType', 'BELIEF_YIELD_PER_DISTRICT'),
		('P_BELIEF_NEPTUNALIA_GOLD_DISTRICTS_MODIFIER', 'YieldType', 'YIELD_GOLD'),
		('P_BELIEF_NEPTUNALIA_GOLD_DISTRICTS_MODIFIER', 'Amount', '1'),
		('P_BELIEF_NEPTUNALIA_GOLD_DISTRICTS_MODIFIER', 'PerXItems', '1'),
		('P_BELIEF_NEPTUNALIA_GOLD_DISTRICTS_MODIFIER', 'DistrictType', 'DISTRICT_HARBOR'),
		('P_BELIEF_NEPTUNALIA_PRODUCTION_DISTRICTS', 'ModifierId', 'P_BELIEF_NEPTUNALIA_PRODUCTION_DISTRICTS_MODIFIER'),
		('P_BELIEF_NEPTUNALIA_PRODUCTION_DISTRICTS_MODIFIER', 'BeliefYieldType', 'BELIEF_YIELD_PER_DISTRICT'),
		('P_BELIEF_NEPTUNALIA_PRODUCTION_DISTRICTS_MODIFIER', 'YieldType', 'YIELD_CULTURE'),
		('P_BELIEF_NEPTUNALIA_PRODUCTION_DISTRICTS_MODIFIER', 'Amount', '1'),
		('P_BELIEF_NEPTUNALIA_PRODUCTION_DISTRICTS_MODIFIER', 'PerXItems', '1'),
		('P_BELIEF_NEPTUNALIA_PRODUCTION_DISTRICTS_MODIFIER', 'DistrictType', 'DISTRICT_ENCAMPMENT'),
		('P_BELIEF_WAQF_HOLYSITE_FOOD', 'ModifierId', 'P_BELIEF_WAQF_HOLYSITE_FOOD_MODIFIER'),
		('P_BELIEF_WAQF_HOLYSITE_FOOD_MODIFIER', 'YieldType', 'YIELD_FOOD'),
		('P_BELIEF_WAQF_HOLYSITE_FOOD_MODIFIER', 'Amount', '1'),
		('P_BELIEF_EUDAIMONIA_HOLYSITE_PRODUCTION', 'ModifierId', 'P_BELIEF_EUDAIMONIA_HOLYSITE_PRODUCTION_MODIFIER'),
		('P_BELIEF_EUDAIMONIA_HOLYSITE_PRODUCTION_MODIFIER', 'YieldType', 'YIELD_PRODUCTION'),
		('P_BELIEF_EUDAIMONIA_HOLYSITE_PRODUCTION_MODIFIER', 'Amount', '1'),
		('P_BELIEF_MONASTERY_BREWERY_HOLYSITE_GOLD', 'ModifierId', 'P_BELIEF_MONASTERY_BREWERY_HOLYSITE_GOLD_MODIFIER'),
		('P_BELIEF_MONASTERY_BREWERY_HOLYSITE_GOLD_MODIFIER', 'YieldType', 'YIELD_GOLD'),
		('P_BELIEF_MONASTERY_BREWERY_HOLYSITE_GOLD_MODIFIER', 'Amount', '2'),
		('P_BELIEF_DIVINE_REVELATION_HOLYSITE_SCIENCE', 'ModifierId', 'P_BELIEF_DIVINE_REVELATION_HOLYSITE_SCIENCE_MODIFIER'),
		('P_BELIEF_DIVINE_REVELATION_HOLYSITE_SCIENCE_MODIFIER', 'YieldType', 'YIELD_SCIENCE'),
		('P_BELIEF_DIVINE_REVELATION_HOLYSITE_SCIENCE_MODIFIER', 'Amount', '1'),
		('P_BELIEF_DIVINE_REVELATION_HOLYSITE_CULTURE', 'ModifierId', 'P_BELIEF_DIVINE_REVELATION_HOLYSITE_CULTURE_MODIFIER'),
		('P_BELIEF_DIVINE_REVELATION_HOLYSITE_CULTURE_MODIFIER', 'YieldType', 'YIELD_CULTURE'),
		('P_BELIEF_DIVINE_REVELATION_HOLYSITE_CULTURE_MODIFIER', 'Amount', '1'),
		('P_BELIEF_DIVINE_REVELATION_HOLYSITE_FAITH', 'ModifierId', 'P_BELIEF_DIVINE_REVELATION_HOLYSITE_FAITH_MODIFIER'),
		('P_BELIEF_DIVINE_REVELATION_HOLYSITE_FAITH_MODIFIER', 'YieldType', 'YIELD_FAITH'),
		('P_BELIEF_DIVINE_REVELATION_HOLYSITE_FAITH_MODIFIER', 'Amount', '1'),
		('P_BELIEF_DIVINE_REVELATION_HOLYSITE_FAITH2', 'ModifierId', 'P_BELIEF_DIVINE_REVELATION_HOLYSITE_FAITH2_MODIFIER'),
		('P_BELIEF_DIVINE_REVELATION_HOLYSITE_FAITH2_MODIFIER', 'YieldType', 'YIELD_FAITH'),
		('P_BELIEF_DIVINE_REVELATION_HOLYSITE_FAITH2_MODIFIER', 'Amount', '2');