--=====
--TYPES
--=====
INSERT INTO Types (Type, Kind)
	VALUES
		('P_BELIEF_FIRE_TEMPLE', 'KIND_BELIEF'),
		('P_BUILDING_FIRE_TEMPLE', 'KIND_BUILDING'),
		('P_BELIEF_MITHRADATA', 'KIND_BELIEF'),
		('P_BUILDING_MITHRADATA', 'KIND_BUILDING'),
		('P_BELIEF_MITHRAEUM', 'KIND_BELIEF'),
		('P_BUILDING_MITHRAEUM', 'KIND_BUILDING'),
		('P_BELIEF_TYCHAEON', 'KIND_BELIEF'),
		('P_BUILDING_TYCHAEON', 'KIND_BUILDING'),
		('P_BELIEF_SERAPEUM', 'KIND_BELIEF'),
		('P_BUILDING_SERAPEUM', 'KIND_BUILDING'),
		('P_BELIEF_SURAU', 'KIND_BELIEF'),
		('P_BUILDING_SURAU', 'KIND_BUILDING'),
		('P_BELIEF_BASILICA', 'KIND_BELIEF'),
		('P_BUILDING_BASILICA', 'KIND_BUILDING'),
		('P_BELIEF_SIMULTANEUM', 'KIND_BELIEF'),
		('P_BUILDING_SIMULTANEUM', 'KIND_BUILDING');

--=========
--BUILDINGS
--=========
INSERT INTO Buildings	(BuildingType,				Name,									PrereqTech, PrereqCivic,	Cost,	MaxPlayerInstances,	MaxWorldInstances, Capital,	PrereqDistrict,			Housing,	Entertainment,	EnabledByReligion,	PurchaseYield,	ObsoleteEra, CitizenSlots)		
	VALUES		
						('P_BUILDING_FIRE_TEMPLE',	'LOC_P_BUILDING_FIRE_TEMPLE_NAME',		NULL,		NULL,			'190',	'-1',				'-1',			   '0',		'DISTRICT_HOLY_SITE',	'0',			'0',		'1',				'YIELD_FAITH',	'NO_ERA',		'1'	),
						('P_BUILDING_MITHRADATA',	'LOC_P_BUILDING_MITHRADATA_NAME',		NULL,		NULL,			'190',	'-1',				'-1',			   '0',		'DISTRICT_HOLY_SITE',	'0',			'0',		'1',				'YIELD_FAITH',	'NO_ERA',		'1'	),
						('P_BUILDING_MITHRAEUM',	'LOC_P_BUILDING_MITHRAEUM_NAME',		NULL,		NULL,			'190',	'-1',				'-1',			   '0',		'DISTRICT_HOLY_SITE',	'0',			'0',		'1',				'YIELD_FAITH',	'NO_ERA',		'1'	),
						('P_BUILDING_TYCHAEON',		'LOC_P_BUILDING_TYCHAEON_NAME',			NULL,		NULL,			'190',	'-1',				'-1',			   '0',		'DISTRICT_HOLY_SITE',	'0',			'0',		'1',				'YIELD_FAITH',	'NO_ERA',		'1'	),
						('P_BUILDING_SERAPEUM',		'LOC_P_BUILDING_SERAPEUM_NAME',			NULL,		NULL,			'190',	'-1',				'-1',			   '0',		'DISTRICT_HOLY_SITE',	'0',			'0',		'1',				'YIELD_FAITH',	'NO_ERA',		'1'	),
						('P_BUILDING_SURAU',		'LOC_P_BUILDING_SURAU_NAME',			NULL,		NULL,			'190',	'-1',				'-1',			   '0',		'DISTRICT_HOLY_SITE',	'0',			'0',		'1',				'YIELD_FAITH',	'NO_ERA',		'1'	),
						('P_BUILDING_BASILICA',		'LOC_P_BUILDING_BASILICA_NAME',			NULL,		NULL,			'190',	'-1',				'-1',			   '0',		'DISTRICT_HOLY_SITE',	'0',			'0',		'1',				'YIELD_FAITH',	'NO_ERA',		'1'	),
						('P_BUILDING_SIMULTANEUM',	'LOC_P_BUILDING_SIMULTANEUM_NAME',		NULL,		NULL,			'190',	'-1',				'-1',			   '0',		'DISTRICT_HOLY_SITE',	'0',			'0',		'1',				'YIELD_FAITH',	'NO_ERA',		'1'	);

UPDATE Buildings SET Description = 'LOC_P_BUILDING_SERAPEUM_DESCRIPTION' WHERE BuildingType = 'P_BUILDING_SERAPEUM';
UPDATE Buildings SET Description = 'LOC_P_BUILDING_MITHRAEUM_DESCRIPTION' WHERE BuildingType = 'P_BUILDING_MITHRAEUM';
UPDATE Buildings SET Description = 'LOC_P_BUILDING_MITHRADATA_DESCRIPTION' WHERE BuildingType = 'P_BUILDING_MITHRADATA';


--================
--BUILDING PREREQS
--================
INSERT INTO BuildingPrereqs (Building, PrereqBuilding)
	VALUES
		('P_BUILDING_SURAU', 'BUILDING_TEMPLE'),
		('P_BUILDING_FIRE_TEMPLE', 'BUILDING_TEMPLE'),
		('P_BUILDING_MITHRADATA', 'BUILDING_TEMPLE'),
		('P_BUILDING_MITHRAEUM', 'BUILDING_TEMPLE'),
		('P_BUILDING_TYCHAEON', 'BUILDING_TEMPLE'),
		('P_BUILDING_SERAPEUM', 'BUILDING_TEMPLE'),
		('P_BUILDING_BASILICA', 'BUILDING_TEMPLE'),
		('P_BUILDING_SIMULTANEUM', 'BUILDING_TEMPLE');

--======================
--BUILDING YIELD CHANGES
--======================
INSERT INTO Building_YieldChanges (BuildingType, YieldType, YieldChange)
	VALUES
		('P_BUILDING_SURAU', 'YIELD_FAITH', '3'),
		('P_BUILDING_SURAU', 'YIELD_CULTURE', '1'),
		('P_BUILDING_SURAU', 'YIELD_SCIENCE', '1'),
		('P_BUILDING_FIRE_TEMPLE', 'YIELD_FAITH', '3'),
		('P_BUILDING_FIRE_TEMPLE', 'YIELD_CULTURE', '2'),
		('P_BUILDING_MITHRADATA', 'YIELD_FAITH', '3'),
		('P_BUILDING_MITHRAEUM', 'YIELD_FAITH', '3'),
		('P_BUILDING_TYCHAEON', 'YIELD_FAITH', '3'),
		('P_BUILDING_SERAPEUM', 'YIELD_FAITH', '3'),
		('P_BUILDING_BASILICA', 'YIELD_FAITH', '3'),
		('P_BUILDING_SIMULTANEUM', 'YIELD_FAITH', '3'),
		('P_BUILDING_SIMULTANEUM', 'YIELD_FOOD', '1'),
		('P_BUILDING_SIMULTANEUM', 'YIELD_PRODUCTION', '1');

--======================
--BUILDING GREAT WORKS	
--======================
INSERT INTO Building_GreatWorks (BuildingType, GreatWorkSlotType, NumSlots)
	VALUES
		('P_BUILDING_BASILICA', 'GREATWORKSLOT_RELIC', '2');


--==============================
--BUILDING YIELD DISTRICT COPIES
--==============================
INSERT INTO Building_YieldDistrictCopies (BuildingType, OldYieldType, NewYieldType)
	VALUES
		('P_BUILDING_TYCHAEON', 'YIELD_FAITH', 'YIELD_GOLD');

--=======
--BELIEFS
--=======
INSERT INTO Beliefs (BeliefType, Name, Description, BeliefClassType) 
	VALUES
		('P_BELIEF_FIRE_TEMPLE', 'LOC_P_BELIEF_FIRE_TEMPLE_NAME', 'LOC_P_BELIEF_FIRE_TEMPLE_DESCRIPTION', 'BELIEF_CLASS_WORSHIP'),
		('P_BELIEF_MITHRADATA', 'LOC_P_BELIEF_MITHRADATA_NAME', 'LOC_P_BELIEF_MITHRADATA_DESCRIPTION', 'BELIEF_CLASS_WORSHIP'),
		('P_BELIEF_MITHRAEUM', 'LOC_P_BELIEF_MITHRAEUM_NAME', 'LOC_P_BELIEF_MITHRAEUM_DESCRIPTION', 'BELIEF_CLASS_WORSHIP'),
		('P_BELIEF_TYCHAEON', 'LOC_P_BELIEF_TYCHAEON_NAME', 'LOC_P_BELIEF_TYCHAEON_DESCRIPTION', 'BELIEF_CLASS_WORSHIP'),
		('P_BELIEF_SERAPEUM', 'LOC_P_BELIEF_SERAPEUM_NAME', 'LOC_P_BELIEF_SERAPEUM_DESCRIPTION', 'BELIEF_CLASS_WORSHIP'),
		('P_BELIEF_SURAU', 'LOC_P_BELIEF_SURAU_NAME', 'LOC_P_BELIEF_SURAU_DESCRIPTION', 'BELIEF_CLASS_WORSHIP'),
		('P_BELIEF_SIMULTANEUM', 'LOC_P_BELIEF_SIMULTANEUM_NAME', 'LOC_P_BELIEF_SIMULTANEUM_DESCRIPTION', 'BELIEF_CLASS_WORSHIP'),
		('P_BELIEF_BASILICA', 'LOC_P_BELIEF_BASILICA_NAME', 'LOC_P_BELIEF_BASILICA_DESCRIPTION', 'BELIEF_CLASS_WORSHIP');

--===============
--BELIEF MODIFIERS
--===============
INSERT INTO BeliefModifiers (BeliefType, ModifierId) 
	VALUES
		('P_BELIEF_SURAU', 'P_ALLOW_SURAU'),
		('P_BELIEF_FIRE_TEMPLE', 'P_ALLOW_FIRE_TEMPLE'),
		('P_BELIEF_MITHRADATA', 'P_ALLOW_MITHRADATA'),
		('P_BELIEF_MITHRAEUM', 'P_ALLOW_MITHRAEUM'),
		('P_BELIEF_TYCHAEON', 'P_ALLOW_TYCHAEON'),
		('P_BELIEF_SERAPEUM', 'P_ALLOW_SERAPEUM'),
		('P_BELIEF_BASILICA', 'P_ALLOW_BASILICA'),
		('P_BELIEF_SIMULTANEUM', 'P_ALLOW_SIMULTANEUM');

--===============
--MODIFIERS
--===============
INSERT INTO Modifiers (ModifierId, ModifierType, SubjectRequirementSetId) 
	VALUES
		('P_ALLOW_SURAU', 'MODIFIER_PLAYER_RELIGION_ADD_RELIGIOUS_BUILDING', NULL),
		('P_ALLOW_FIRE_TEMPLE', 'MODIFIER_PLAYER_RELIGION_ADD_RELIGIOUS_BUILDING', NULL),
		('P_ALLOW_MITHRADATA', 'MODIFIER_PLAYER_RELIGION_ADD_RELIGIOUS_BUILDING', NULL),
		('P_ALLOW_MITHRAEUM', 'MODIFIER_PLAYER_RELIGION_ADD_RELIGIOUS_BUILDING', NULL),
		('P_ALLOW_TYCHAEON', 'MODIFIER_PLAYER_RELIGION_ADD_RELIGIOUS_BUILDING', NULL),
		('P_ALLOW_SERAPEUM', 'MODIFIER_PLAYER_RELIGION_ADD_RELIGIOUS_BUILDING', NULL),
		('P_ALLOW_BASILICA', 'MODIFIER_PLAYER_RELIGION_ADD_RELIGIOUS_BUILDING', NULL),
		('P_ALLOW_SIMULTANEUM', 'MODIFIER_PLAYER_RELIGION_ADD_RELIGIOUS_BUILDING', NULL);

--==================
--MODIFIER ARGUMENTS
--==================
INSERT INTO ModifierArguments (ModifierId, Name, Value)
	VALUES
		('P_ALLOW_SURAU', 'BuildingType', 'P_BUILDING_SURAU'),
		('P_ALLOW_FIRE_TEMPLE', 'BuildingType', 'P_BUILDING_FIRE_TEMPLE'),
		('P_ALLOW_MITHRADATA', 'BuildingType', 'P_BUILDING_MITHRADATA'),
		('P_ALLOW_MITHRAEUM', 'BuildingType', 'P_BUILDING_MITHRAEUM'),
		('P_ALLOW_TYCHAEON', 'BuildingType', 'P_BUILDING_TYCHAEON'),
		('P_ALLOW_SERAPEUM', 'BuildingType', 'P_BUILDING_SERAPEUM'),
		('P_ALLOW_BASILICA', 'BuildingType', 'P_BUILDING_BASILICA'),
		('P_ALLOW_SIMULTANEUM', 'BuildingType', 'P_BUILDING_SIMULTANEUM');

INSERT INTO BuildingModifiers (BuildingType, ModifierId) VALUES ('P_BUILDING_SERAPEUM', 'P_SERAPEUM_INFLUENCE_POINTS');
INSERT INTO Modifiers (ModifierId, ModifierType, SubjectRequirementSetId) VALUES ('P_SERAPEUM_INFLUENCE_POINTS', 'MODIFIER_PLAYER_ADJUST_INFLUENCE_POINTS_PER_TURN', 'CITY_HAS_2_SPECIALTY_DISTRICTS_REQUIREMENTS');
INSERT INTO ModifierArguments (ModifierId, Name, Value) VALUES ('P_SERAPEUM_INFLUENCE_POINTS', 'Amount', '1');

INSERT INTO BuildingModifiers (BuildingType, ModifierId) VALUES ('P_BUILDING_MITHRAEUM', 'P_MITHRAEUM_BOAT_PRODUCTION');
INSERT INTO Modifiers (ModifierId, ModifierType, SubjectRequirementSetId) VALUES ('P_MITHRAEUM_BOAT_PRODUCTION', 'MODIFIER_CITY_PLOT_YIELDS_ADJUST_PLOT_YIELD', 'PLOT_HAS_COAST_REQUIREMENTS');
INSERT INTO ModifierArguments (ModifierId, Name, Value) VALUES ('P_MITHRAEUM_BOAT_PRODUCTION', 'YieldType', 'YIELD_PRODUCTION');
INSERT INTO ModifierArguments (ModifierId, Name, Value) VALUES ('P_MITHRAEUM_BOAT_PRODUCTION', 'Amount', '1');

INSERT INTO Requirements (RequirementId, RequirementType) VALUES ('POK_REQUIRES_PLOT_HAS_LUMBER_MILL', 'REQUIREMENT_PLOT_IMPROVEMENT_TYPE_MATCHES');
INSERT INTO RequirementArguments (RequirementId, Name, Value) VALUES ('POK_REQUIRES_PLOT_HAS_LUMBER_MILL', 'ImprovementType', 'IMPROVEMENT_LUMBER_MILL');

INSERT INTO RequirementSetRequirements (RequirementSetId, RequirementId) VALUES ('POK_HAS_MITHRADATA_LUMBER_MILL', 'POK_REQUIRES_PLOT_HAS_LUMBER_MILL');
INSERT INTO RequirementSetRequirements (RequirementSetId, RequirementId) VALUES ('POK_HAS_MITHRADATA_LUMBER_MILL', 'REQUIRES_PLOT_HAS_LUXURY');
INSERT INTO RequirementSets (RequirementSetId, RequirementSetType) VALUES ('POK_HAS_MITHRADATA_LUMBER_MILL', 'REQUIREMENTSET_TEST_ALL');

INSERT INTO RequirementSetRequirements (RequirementSetId, RequirementId) VALUES ('POK_HAS_MITHRADATA_PLANTATION', 'REQUIRES_PLOT_HAS_PLANTATION');
INSERT INTO RequirementSetRequirements (RequirementSetId, RequirementId) VALUES ('POK_HAS_MITHRADATA_PLANTATION', 'REQUIRES_PLOT_HAS_LUXURY');
INSERT INTO RequirementSets (RequirementSetId, RequirementSetType) VALUES ('POK_HAS_MITHRADATA_PLANTATION', 'REQUIREMENTSET_TEST_ALL');

INSERT INTO RequirementSetRequirements (RequirementSetId, RequirementId) VALUES ('POK_HAS_MITHRADATA_CAMP', 'REQUIRES_PLOT_HAS_CAMP');
INSERT INTO RequirementSetRequirements (RequirementSetId, RequirementId) VALUES ('POK_HAS_MITHRADATA_CAMP', 'REQUIRES_PLOT_HAS_LUXURY');
INSERT INTO RequirementSets (RequirementSetId, RequirementSetType) VALUES ('POK_HAS_MITHRADATA_CAMP', 'REQUIREMENTSET_TEST_ALL');

INSERT INTO BuildingModifiers (BuildingType, ModifierId) VALUES ('P_BUILDING_MITHRADATA', 'P_MITHRADATA_PLANTATION_FAITH');
INSERT INTO BuildingModifiers (BuildingType, ModifierId) VALUES ('P_BUILDING_MITHRADATA', 'P_MITHRADATA_PLANTATION_PRODUCTION');
INSERT INTO Modifiers (ModifierId, ModifierType, SubjectRequirementSetId) VALUES ('P_MITHRADATA_PLANTATION_FAITH', 'MODIFIER_CITY_PLOT_YIELDS_ADJUST_PLOT_YIELD', 'POK_HAS_MITHRADATA_PLANTATION');
INSERT INTO Modifiers (ModifierId, ModifierType, SubjectRequirementSetId) VALUES ('P_MITHRADATA_PLANTATION_PRODUCTION', 'MODIFIER_CITY_PLOT_YIELDS_ADJUST_PLOT_YIELD', 'POK_HAS_MITHRADATA_PLANTATION');
INSERT INTO ModifierArguments (ModifierId, Name, Value) VALUES ('P_MITHRADATA_PLANTATION_FAITH', 'YieldType', 'YIELD_GOLD');
INSERT INTO ModifierArguments (ModifierId, Name, Value) VALUES ('P_MITHRADATA_PLANTATION_FAITH', 'Amount', '1');
INSERT INTO ModifierArguments (ModifierId, Name, Value) VALUES ('P_MITHRADATA_PLANTATION_PRODUCTION', 'YieldType', 'YIELD_PRODUCTION');
INSERT INTO ModifierArguments (ModifierId, Name, Value) VALUES ('P_MITHRADATA_PLANTATION_PRODUCTION', 'Amount', '1');

INSERT INTO BuildingModifiers (BuildingType, ModifierId) VALUES ('P_BUILDING_MITHRADATA', 'P_MITHRADATA_LUMBER_MILL_FAITH');
INSERT INTO BuildingModifiers (BuildingType, ModifierId) VALUES ('P_BUILDING_MITHRADATA', 'P_MITHRADATA_LUMBER_MILL_PRODUCTION');
INSERT INTO Modifiers (ModifierId, ModifierType, SubjectRequirementSetId) VALUES ('P_MITHRADATA_LUMBER_MILL_FAITH', 'MODIFIER_CITY_PLOT_YIELDS_ADJUST_PLOT_YIELD', 'POK_HAS_MITHRADATA_LUMBER_MILL');
INSERT INTO Modifiers (ModifierId, ModifierType, SubjectRequirementSetId) VALUES ('P_MITHRADATA_LUMBER_MILL_PRODUCTION', 'MODIFIER_CITY_PLOT_YIELDS_ADJUST_PLOT_YIELD', 'POK_HAS_MITHRADATA_LUMBER_MILL');
INSERT INTO ModifierArguments (ModifierId, Name, Value) VALUES ('P_MITHRADATA_LUMBER_MILL_FAITH', 'YieldType', 'YIELD_GOLD');
INSERT INTO ModifierArguments (ModifierId, Name, Value) VALUES ('P_MITHRADATA_LUMBER_MILL_FAITH', 'Amount', '1');
INSERT INTO ModifierArguments (ModifierId, Name, Value) VALUES ('P_MITHRADATA_LUMBER_MILL_PRODUCTION', 'YieldType', 'YIELD_PRODUCTION');
INSERT INTO ModifierArguments (ModifierId, Name, Value) VALUES ('P_MITHRADATA_LUMBER_MILL_PRODUCTION', 'Amount', '1');

INSERT INTO BuildingModifiers (BuildingType, ModifierId) VALUES ('P_BUILDING_MITHRADATA', 'P_MITHRADATA_CAMP_FAITH');
INSERT INTO BuildingModifiers (BuildingType, ModifierId) VALUES ('P_BUILDING_MITHRADATA', 'P_MITHRADATA_CAMP_PRODUCTION');
INSERT INTO Modifiers (ModifierId, ModifierType, SubjectRequirementSetId) VALUES ('P_MITHRADATA_CAMP_FAITH', 'MODIFIER_CITY_PLOT_YIELDS_ADJUST_PLOT_YIELD', 'POK_HAS_MITHRADATA_CAMP');
INSERT INTO Modifiers (ModifierId, ModifierType, SubjectRequirementSetId) VALUES ('P_MITHRADATA_CAMP_PRODUCTION', 'MODIFIER_CITY_PLOT_YIELDS_ADJUST_PLOT_YIELD', 'POK_HAS_MITHRADATA_CAMP');
INSERT INTO ModifierArguments (ModifierId, Name, Value) VALUES ('P_MITHRADATA_CAMP_FAITH', 'YieldType', 'YIELD_GOLD');
INSERT INTO ModifierArguments (ModifierId, Name, Value) VALUES ('P_MITHRADATA_CAMP_FAITH', 'Amount', '1');
INSERT INTO ModifierArguments (ModifierId, Name, Value) VALUES ('P_MITHRADATA_CAMP_PRODUCTION', 'YieldType', 'YIELD_PRODUCTION');
INSERT INTO ModifierArguments (ModifierId, Name, Value) VALUES ('P_MITHRADATA_CAMP_PRODUCTION', 'Amount', '1');


