--====
--TAGS
--====
INSERT INTO Tags (Tag, Vocabulary)
	VALUES
		('P_CLASS_RELIGIOUS_CITY_SUPPORT', 'ABILITY_CLASS');

--=========
--TYPE TAGS
--=========
INSERT INTO TypeTags (Type, Tag)
	VALUES
		('UNIT_BUILDER', 'P_CLASS_RELIGIOUS_CITY_SUPPORT'),
		('UNIT_TRADER', 'P_CLASS_RELIGIOUS_CITY_SUPPORT');

--=====
--TYPES
--=====
INSERT INTO Types (Type, Kind)
	VALUES
		('P_BELIEF_FAITH_BUY_SETTLERS', 'KIND_BELIEF'),
		('P_BELIEF_GOSPEL_OF_SUCCESS', 'KIND_BELIEF'),
		('P_BELIEF_AEGIS_OF_POSEIDON', 'KIND_BELIEF'),
		('P_BELIEF_ALMS', 'KIND_BELIEF'),
		('P_BELIEF_DEISM', 'KIND_BELIEF'),
		('P_BELIEF_SYMBOLS_OF_THE_GODS', 'KIND_BELIEF'),
		('P_BELIEF_WORKS_RIGHTEOUSNESS', 'KIND_BELIEF'),
		('P_BELIEF_PLUTOLATRY', 'KIND_BELIEF');

--=======
--BELIEFS
--=======
INSERT INTO Beliefs (BeliefType, Name, Description, BeliefClassType) 
	VALUES
		('P_BELIEF_FAITH_BUY_SETTLERS', 'LOC_P_BELIEF_FAITH_BUY_SETTLERS_NAME', 'LOC_P_BELIEF_FAITH_BUY_SETTLERS_DESCRIPTION', 'BELIEF_CLASS_FOLLOWER'),
		('P_BELIEF_GOSPEL_OF_SUCCESS', 'LOC_P_BELIEF_GOSPEL_OF_SUCCESS_NAME', 'LOC_P_BELIEF_GOSPEL_OF_SUCCESS_DESCRIPTION', 'BELIEF_CLASS_FOLLOWER'),
		('P_BELIEF_AEGIS_OF_POSEIDON', 'LOC_P_BELIEF_AEGIS_OF_POSEIDON_NAME', 'LOC_P_BELIEF_AEGIS_OF_POSEIDON_DESCRIPTION', 'BELIEF_CLASS_FOLLOWER'),
		('P_BELIEF_WORKS_RIGHTEOUSNESS', 'LOC_P_BELIEF_WORKS_RIGHTEOUSNESS_NAME', 'LOC_P_BELIEF_WORKS_RIGHTEOUSNESS_DESCRIPTION', 'BELIEF_CLASS_FOLLOWER'),
		('P_BELIEF_ALMS', 'LOC_P_BELIEF_ALMS_NAME', 'LOC_P_BELIEF_ALMS_DESCRIPTION',										'BELIEF_CLASS_FOLLOWER'),
		('P_BELIEF_DEISM', 'LOC_P_BELIEF_DEISM_NAME', 'LOC_P_BELIEF_DEISM_DESCRIPTION',										 'BELIEF_CLASS_FOLLOWER'),
		('P_BELIEF_SYMBOLS_OF_THE_GODS', 'LOC_P_BELIEF_SYMBOLS_OF_THE_GODS_NAME', 'LOC_P_BELIEF_SYMBOLS_OF_THE_GODS_DESCRIPTION', 'BELIEF_CLASS_FOLLOWER'),
		('P_BELIEF_PLUTOLATRY', 'LOC_P_BELIEF_PLUTOLATRY_NAME', 'LOC_P_BELIEF_PLUTOLATRY_DESCRIPTION', 'BELIEF_CLASS_FOLLOWER');

--===============
--BELIEF MODIFIERS
--===============
INSERT INTO BeliefModifiers (BeliefType, ModifierId) 
	VALUES
		('P_BELIEF_GOSPEL_OF_SUCCESS', 'P_GOSPEL_OF_SUCCESS_GOLD_BUILDINGS'),
		('P_BELIEF_GOSPEL_OF_SUCCESS', 'P_GOSPEL_OF_SUCCESS_AMENITY_BUILDINGS'),
		('P_BELIEF_GOSPEL_OF_SUCCESS', 'P_GOSPEL_OF_SUCCESS_AMENITY_BUILDINGS_2'),
		('P_BELIEF_AEGIS_OF_POSEIDON', 'P_AEGIS_OF_POSEIDON_HARBOR_BUILDINGS'),
		('P_BELIEF_AEGIS_OF_POSEIDON', 'P_AEGIS_OF_POSEIDON_NAVAL_RANGED'),
		('P_BELIEF_AEGIS_OF_POSEIDON', 'P_AEGIS_OF_POSEIDON_NAVAL_RAIDER'),
		('P_BELIEF_AEGIS_OF_POSEIDON', 'P_AEGIS_OF_POSEIDON_NAVAL_MELEE'),
		('P_BELIEF_AEGIS_OF_POSEIDON', 'P_AEGIS_OF_POSEIDON_NAVAL_CARRIER'),
		('P_BELIEF_ALMS', 'P_ALMS_FOLLOWER_GOLD'),
		('P_BELIEF_FAITH_BUY_SETTLERS', 'P_BELIEF_FAITH_BUY_SETTLERS_PURCHASE'),
		('P_BELIEF_DEISM', 'P_DEISM_FOLLOWER_CULTURE'),
		('P_BELIEF_SYMBOLS_OF_THE_GODS', 'P_SYMBOLS_OF_THE_GODS_AMENITY'),
		('P_BELIEF_WORKS_RIGHTEOUSNESS', 'P_WORKS_RIGHTEOUSNESS_BUY_UNITS'),
		('P_BELIEF_PLUTOLATRY', 'P_PLUTOLATRY_GOLD');

--===============
--MODIFIERS
--===============
INSERT INTO Modifiers (ModifierId, ModifierType, SubjectRequirementSetId) 
	VALUES
		('P_GOSPEL_OF_SUCCESS_GOLD_BUILDINGS', 'MODIFIER_ALL_CITIES_ATTACH_MODIFIER', 'CITY_FOLLOWS_RELIGION_REQUIREMENTS'),
		('P_GOSPEL_OF_SUCCESS_AMENITY_BUILDINGS', 'MODIFIER_ALL_CITIES_ATTACH_MODIFIER', 'CITY_FOLLOWS_RELIGION_REQUIREMENTS'),
		('P_GOSPEL_OF_SUCCESS_AMENITY_BUILDINGS_2', 'MODIFIER_ALL_CITIES_ATTACH_MODIFIER', 'CITY_FOLLOWS_RELIGION_REQUIREMENTS'),
		('P_GOSPEL_OF_SUCCESS_GOLD_BUILDINGS_MODIFIER', 'MODIFIER_CITY_ENABLE_BUILDING_FAITH_PURCHASE', NULL),
		('P_GOSPEL_OF_SUCCESS_AMENITY_BUILDINGS_MODIFIER', 'MODIFIER_CITY_ENABLE_BUILDING_FAITH_PURCHASE', NULL),
		('P_GOSPEL_OF_SUCCESS_AMENITY_BUILDINGS_2_MODIFIER', 'MODIFIER_CITY_ENABLE_BUILDING_FAITH_PURCHASE', NULL),
		('P_AEGIS_OF_POSEIDON_HARBOR_BUILDINGS', 'MODIFIER_ALL_CITIES_ATTACH_MODIFIER', 'CITY_FOLLOWS_RELIGION_REQUIREMENTS'),
		('P_AEGIS_OF_POSEIDON_HARBOR_BUILDINGS_2', 'MODIFIER_ALL_CITIES_ATTACH_MODIFIER', 'CITY_FOLLOWS_RELIGION_REQUIREMENTS'),
		('P_AEGIS_OF_POSEIDON_NAVAL_RANGED', 'MODIFIER_ALL_CITIES_ATTACH_MODIFIER', 'CITY_FOLLOWS_RELIGION_REQUIREMENTS'),
		('P_AEGIS_OF_POSEIDON_NAVAL_RAIDER', 'MODIFIER_ALL_CITIES_ATTACH_MODIFIER', 'CITY_FOLLOWS_RELIGION_REQUIREMENTS'),
		('P_AEGIS_OF_POSEIDON_NAVAL_MELEE', 'MODIFIER_ALL_CITIES_ATTACH_MODIFIER', 'CITY_FOLLOWS_RELIGION_REQUIREMENTS'),
		('P_AEGIS_OF_POSEIDON_NAVAL_CARRIER', 'MODIFIER_ALL_CITIES_ATTACH_MODIFIER', 'CITY_FOLLOWS_RELIGION_REQUIREMENTS'),
		('P_AEGIS_OF_POSEIDON_HARBOR_BUILDINGS_MODIFIER', 'MODIFIER_CITY_ENABLE_BUILDING_FAITH_PURCHASE', NULL),
		('P_AEGIS_OF_POSEIDON_HARBOR_BUILDINGS_2_MODIFIER', 'MODIFIER_CITY_ENABLE_BUILDING_FAITH_PURCHASE', NULL),
		('P_AEGIS_OF_POSEIDON_NAVAL_RANGED_MODIFIER', 'MODIFIER_CITY_ENABLE_UNIT_FAITH_PURCHASE', NULL),
		('P_AEGIS_OF_POSEIDON_NAVAL_RAIDER_MODIFIER', 'MODIFIER_CITY_ENABLE_UNIT_FAITH_PURCHASE', NULL),
		('P_AEGIS_OF_POSEIDON_NAVAL_MELEE_MODIFIER', 'MODIFIER_CITY_ENABLE_UNIT_FAITH_PURCHASE', NULL),
		('P_AEGIS_OF_POSEIDON_NAVAL_CARRIER_MODIFIER', 'MODIFIER_CITY_ENABLE_UNIT_FAITH_PURCHASE', NULL),
		('P_ALMS_FOLLOWER_GOLD', 'MODIFIER_ALL_CITIES_ATTACH_MODIFIER', 'CITY_FOLLOWS_RELIGION_REQUIREMENTS'),
		('P_ALMS_FOLLOWER_GOLD_MODIFIER', 'MODIFIER_FOLLOWER_YIELD_MODIFIER', NULL),
		('P_DEISM_FOLLOWER_CULTURE', 'MODIFIER_ALL_CITIES_ATTACH_MODIFIER', 'CITY_FOLLOWS_RELIGION_REQUIREMENTS'),
		('P_DEISM_FOLLOWER_CULTURE_MODIFIER', 'MODIFIER_FOLLOWER_YIELD_MODIFIER', NULL),
		('P_SYMBOLS_OF_THE_GODS_AMENITY', 'MODIFIER_ALL_CITIES_ATTACH_MODIFIER', 'CITY_FOLLOWS_RELIGION_REQUIREMENTS'),
		('P_WORKS_RIGHTEOUSNESS_BUY_UNITS', 'MODIFIER_ALL_CITIES_ATTACH_MODIFIER', 'CITY_FOLLOWS_RELIGION_REQUIREMENTS'),
		('P_WORKS_RIGHTEOUSNESS_BUY_UNITS_MODIFIER', 'MODIFIER_CITY_ENABLE_UNIT_FAITH_PURCHASE', NULL),
		('P_BELIEF_FAITH_BUY_SETTLERS_PURCHASE', 'MODIFIER_ALL_CITIES_ATTACH_MODIFIER', 'CITY_FOLLOWS_RELIGION_REQUIREMENTS'),
		('P_BELIEF_FAITH_BUY_SETTLERS_PURCHASE_MODIFIER', 'MODIFIER_CITY_ENABLE_UNIT_FAITH_PURCHASE', NULL),
		('P_PLUTOLATRY_GOLD', 'MODIFIER_ALL_CITIES_ATTACH_MODIFIER', 'CITY_FOLLOWS_RELIGION_REQUIREMENTS'),
		('P_PLUTOLATRY_GOLD_MODIFIER', 'MODIFIER_SINGLE_CITY_ADJUST_WONDER_YIELD_CHANGE', NULL);

--==================
--MODIFIER ARGUMENTS
--==================
INSERT INTO ModifierArguments (ModifierId, Name, Value)
	VALUES
		('P_GOSPEL_OF_SUCCESS_GOLD_BUILDINGS', 'ModifierId', 'P_GOSPEL_OF_SUCCESS_GOLD_BUILDINGS_MODIFIER'),
		('P_GOSPEL_OF_SUCCESS_AMENITY_BUILDINGS', 'ModifierId', 'P_GOSPEL_OF_SUCCESS_AMENITY_BUILDINGS_MODIFIER'),
		('P_GOSPEL_OF_SUCCESS_AMENITY_BUILDINGS_2', 'ModifierId', 'P_GOSPEL_OF_SUCCESS_AMENITY_BUILDINGS_2_MODIFIER'),
		('P_GOSPEL_OF_SUCCESS_GOLD_BUILDINGS_MODIFIER', 'DistrictType', 'DISTRICT_COMMERCIAL_HUB'),
		('P_GOSPEL_OF_SUCCESS_AMENITY_BUILDINGS_MODIFIER', 'DistrictType', 'DISTRICT_ENTERTAINMENT_COMPLEX'),
		('P_GOSPEL_OF_SUCCESS_AMENITY_BUILDINGS_2_MODIFIER', 'DistrictType', 'DISTRICT_STREET_CARNIVAL'),
		('P_AEGIS_OF_POSEIDON_HARBOR_BUILDINGS', 'ModifierId', 'P_AEGIS_OF_POSEIDON_HARBOR_BUILDINGS_MODIFIER'),
		('P_AEGIS_OF_POSEIDON_HARBOR_BUILDINGS_2', 'ModifierId', 'P_AEGIS_OF_POSEIDON_HARBOR_BUILDINGS_2_MODIFIER'),
		('P_AEGIS_OF_POSEIDON_NAVAL_RANGED', 'ModifierId', 'P_AEGIS_OF_POSEIDON_NAVAL_RANGED_MODIFIER'),
		('P_AEGIS_OF_POSEIDON_NAVAL_RAIDER', 'ModifierId', 'P_AEGIS_OF_POSEIDON_NAVAL_RAIDER_MODIFIER'),
		('P_AEGIS_OF_POSEIDON_NAVAL_MELEE', 'ModifierId', 'P_AEGIS_OF_POSEIDON_NAVAL_MELEE_MODIFIER'),
		('P_AEGIS_OF_POSEIDON_NAVAL_CARRIER', 'ModifierId', 'P_AEGIS_OF_POSEIDON_NAVAL_CARRIER_MODIFIER'),
		('P_AEGIS_OF_POSEIDON_HARBOR_BUILDINGS_MODIFIER', 'DistrictType', 'DISTRICT_HARBOR'),
		('P_AEGIS_OF_POSEIDON_HARBOR_BUILDINGS_2_MODIFIER', 'DistrictType', 'DISTRICT_ROYAL_NAVY_DOCKYARD'),
		('P_AEGIS_OF_POSEIDON_NAVAL_RANGED_MODIFIER', 'Tag', 'CLASS_NAVAL_RANGED'),
		('P_AEGIS_OF_POSEIDON_NAVAL_RAIDER_MODIFIER', 'Tag', 'CLASS_NAVAL_RAIDER'),
		('P_AEGIS_OF_POSEIDON_NAVAL_MELEE_MODIFIER', 'Tag', 'CLASS_NAVAL_MELEE'),
		('P_AEGIS_OF_POSEIDON_NAVAL_CARRIER_MODIFIER', 'Tag', 'CLASS_NAVAL_CARRIER'),
		('P_ALMS_FOLLOWER_GOLD', 'ModifierId', 'P_ALMS_FOLLOWER_GOLD_MODIFIER'),
		('P_ALMS_FOLLOWER_GOLD_MODIFIER', 'YieldType', 'YIELD_GOLD'),
		('P_ALMS_FOLLOWER_GOLD_MODIFIER', 'Amount', '2'),
		('P_DEISM_FOLLOWER_CULTURE', 'ModifierId', 'P_DEISM_FOLLOWER_CULTURE_MODIFIER'),
		('P_DEISM_FOLLOWER_CULTURE_MODIFIER', 'YieldType', 'YIELD_CULTURE'),
		('P_DEISM_FOLLOWER_CULTURE_MODIFIER', 'Amount', '1'),
		('P_BELIEF_FAITH_BUY_SETTLERS_PURCHASE', 'ModifierId', 'P_BELIEF_FAITH_BUY_SETTLERS_PURCHASE_MODIFIER'),
		('P_BELIEF_FAITH_BUY_SETTLERS_PURCHASE_MODIFIER', 'Tag', 'P_CLASS_SETTLER_RELIGIOUS'),
		('P_SYMBOLS_OF_THE_GODS_AMENITY', 'ModifierId', 'P_SYMBOLS_OF_THE_GODS_AMENITY_MODIFIER'),
		('P_WORKS_RIGHTEOUSNESS_BUY_UNITS', 'ModifierId', 'P_WORKS_RIGHTEOUSNESS_BUY_UNITS_MODIFIER'),
		('P_WORKS_RIGHTEOUSNESS_BUY_UNITS_MODIFIER', 'Tag', 'P_CLASS_RELIGIOUS_CITY_SUPPORT'),
		('P_PLUTOLATRY_GOLD', 'ModifierId', 'P_PLUTOLATRY_GOLD_MODIFIER'),
		('P_PLUTOLATRY_GOLD_MODIFIER', 'YieldType', 'YIELD_GOLD'),
		('P_PLUTOLATRY_GOLD_MODIFIER', 'Amount', '8');

--Symbols_Of_The_Gods Code
INSERT INTO Requirements (RequirementId, RequirementType) SELECT 'P_REQUIRES_CITY_HAS_' || BuildingType || '_WONDER', 'REQUIREMENT_CITY_HAS_BUILDING' FROM Buildings WHERE IsWonder='1' ;
INSERT INTO RequirementArguments (RequirementId, Name, Value) SELECT 'P_REQUIRES_CITY_HAS_' || BuildingType || '_WONDER', 'BuildingType', BuildingType FROM Buildings WHERE IsWonder='1' ;
INSERT INTO RequirementSets (RequirementSetId, RequirementSetType) VALUES ('P_CITY_HAS_A_WONDER_REQUIREMENTS', 'REQUIREMENTSET_TEST_ANY') ;
INSERT INTO RequirementSetRequirements (RequirementSetId, RequirementId) SELECT 'P_CITY_HAS_A_WONDER_REQUIREMENTS', 'P_REQUIRES_CITY_HAS_' || BuildingType || '_WONDER' FROM Buildings WHERE IsWonder='1' ;
INSERT INTO Modifiers (ModifierId, ModifierType, SubjectRequirementSetId) VALUES ('P_SYMBOLS_OF_THE_GODS_AMENITY_MODIFIER', 'MODIFIER_SINGLE_CITY_ADJUST_CITY_AMENITIES_FROM_RELIGION', 'P_CITY_HAS_A_WONDER_REQUIREMENTS');
INSERT INTO ModifierArguments (ModifierId, Name, Value) VALUES ('P_SYMBOLS_OF_THE_GODS_AMENITY_MODIFIER', 'Amount', '2');